{"accuracy": [0.23375000059604645, 0.24640625715255737, 0.24109375476837158, 0.25218749046325684, 0.25703126192092896, 0.2526562511920929, 0.23874999582767487, 0.2540625035762787, 0.2357812523841858, 0.23484374582767487], "loss": [1.3874777555465698, 1.386974811553955, 1.3866397142410278, 1.3866124153137207, 1.3866772651672363, 1.3868153095245361, 1.3867943286895752, 1.3864750862121582, 1.3866387605667114, 1.3867433071136475], "val_accuracy": [0.2475000023841858, 0.25312501192092896, 0.25312501192092896, 0.25312501192092896, 0.25312501192092896, 0.2549999952316284, 0.2475000023841858, 0.2549999952316284, 0.2475000023841858, 0.2475000023841858], "val_loss": [1.3862820863723755, 1.386244773864746, 1.3863589763641357, 1.3863723278045654, 1.3867428302764893, 1.3863341808319092, 1.386336326599121, 1.3861804008483887, 1.3862855434417725, 1.3863930702209473]}