{"accuracy": [0.2942708432674408, 0.5007291436195374, 0.6114843487739563, 0.686536431312561, 0.748046875, 0.7866666913032532, 0.8155989646911621, 0.8342968821525574, 0.8519271016120911, 0.8634114861488342], "loss": [1.3572710752487183, 1.1344506740570068, 0.9503014087677002, 0.8058156371116638, 0.6736811399459839, 0.5777983069419861, 0.5084927678108215, 0.45701420307159424, 0.41674569249153137, 0.3859522044658661], "val_accuracy": [0.4124999940395355, 0.5277083516120911, 0.6012499928474426, 0.6489583253860474, 0.6927083134651184, 0.7297916412353516, 0.7435416579246521, 0.7651041746139526, 0.7804166674613953, 0.7883333563804626], "val_loss": [1.3031883239746094, 1.098145604133606, 0.9586811065673828, 0.8931319117546082, 0.7850021719932556, 0.783245861530304, 0.6994237303733826, 0.6512823104858398, 0.6430217027664185, 0.7080839276313782]}